id_eq,year_as,month_as,day_as,hour_as,min_as,sec_as,lat_as,lon_as,depth_as,class_as
996,2012.7445421600326,2.4382748214839287,17.988241850464824,14.173655160975436,28.717153594777763,279.17276829783157,38.61495780656536,73.29186618819088,11.63278673949254,7.7502546199525355
1336,2012.9251218271895,9.935809995705398,7.915653469727349,9.392612033807312,28.66610215334584,268.2164875371504,37.231525281610494,71.22972357767678,6.662602592739262,8.659835233366493
730,2011.359713241664,4.077648580976398,19.6832497572246,11.86605892387261,27.284924550472365,291.9720742366544,46.202980958136294,84.03662190072795,8.977003783275542,8.009715040044421
696,2013.0154679948846,2.056039875978077,17.011409004489035,12.733233631217376,29.33014924470286,281.4733183774676,37.28284750740716,70.58165775841721,4.5283175926889525,8.762641986610832
1460,2012.6404035483206,10.121059431532585,21.260238214379672,10.969037825250332,30.0510026715756,296.5151407991491,42.38541445315734,83.61268531112745,9.4655636644478,8.386254326496898
1636,2012.8039291706482,2.28586424339339,16.338110404011147,9.371165156859343,31.69889229714046,273.50186956593507,37.204291433378245,71.17593281747635,7.297223747616163,8.563983659747691
728,2012.9148746233436,4.2171796163090915,17.343059376986616,13.25191603549804,32.91119811748295,278.78290108300575,37.431019109270196,70.66562733316498,4.2766047969432,8.809313198307342
1233,2011.9583231383076,1.211561245944616,21.833889467183774,11.562176565546633,28.797276891870222,287.25832306585164,43.90397486975782,78.38864937854122,10.114463669675409,7.426239292805083
914,2012.9928480935007,5.101182969647483,16.100286344872128,11.350466932551655,31.88510949320108,286.9635002775457,37.2201190595724,71.37462362082539,5.758632141975334,8.515049599839882
1324,2013.012190676685,8.92206369434438,8.573965901762593,8.682642200962846,29.12989984062566,277.1601350302609,37.01077494725273,71.12548415928157,3.8411013401409373,8.817277366836613
1020,2012.9647246321551,4.258466339328721,20.110918856868228,10.372135466889183,31.600385414560066,299.1080488285199,37.1436860199044,70.63786037668419,13.155369583852815,8.926471341028822
1436,2012.8097695252955,7.453428959953728,22.627049209102474,12.279002369758954,28.46570385121781,287.1203058670967,43.38161542601047,84.11083828754563,8.033945227242251,7.731442923124192
1377,2011.9888900460942,1.2887481334006683,15.279742813439793,14.956396005854529,30.081482262987393,281.44002413592756,44.14578296933738,80.23778980841564,11.082059181770331,7.259906780979195
446,2013.0289206018736,1.4033665971397367,19.993425047617624,13.121758339333436,30.41313407552768,291.7712533987599,36.471800733927196,71.23808217923168,3.1820036088507777,8.448748483498443
1067,2012.135484591376,8.894528335734162,17.87078493401073,16.89413735776784,30.578453580877277,279.51748313143025,41.047110731976865,77.19028980133652,6.541634004582531,7.11155717436389
876,2012.1264655275497,2.442201602153903,18.41471067114195,8.92592328532572,30.09468813361436,294.0125873164523,40.24399845016998,77.38754130418684,8.31791229243932,7.431338207648788
920,2013.1531686176543,6.011291472939795,20.183169718222075,14.343515351217944,27.260082006075265,279.0960642413637,39.13197795569613,71.53093334128926,5.322939264904494,8.149362921843498
1136,2013.3286857941853,4.447937401610435,18.12411112272649,9.69829993056813,32.83685493071519,288.32948112661467,37.82747414254577,72.94341404558153,14.123494999397874,8.658955718719962
1731,2013.0810338445472,8.111308438056234,8.616414111504868,11.567006116666803,30.672876929855768,277.4959647099252,37.27646647741193,70.67520426232929,5.422142662265452,8.753524147867976
1197,2012.4053341248705,9.39232314064992,23.14171299600255,12.023973374429826,29.74657338646838,294.68781160779895,41.20258878727695,78.17186368587441,10.512258875609385,8.076855188895792
1699,2013.143778023677,5.93715514811525,19.368697208609767,12.015041134510572,28.272595947060378,275.4848879518952,37.40835145773779,71.49119372825311,10.513686991062222,8.678082068744994
573,2012.8119175319327,4.346143553478043,15.452578227700661,9.671104372968808,29.791940653393436,280.3744286507535,38.47914299216965,70.62078168996116,13.717138890650205,8.379971286880464
1429,2013.115846456093,7.329991310054117,21.16954670154803,13.787934452763368,28.128318758106346,269.6986194925942,37.36134164929995,71.2280640461998,4.551816481486362,8.586627058328688
1620,2012.9340474126639,1.232544047536875,13.505925150165105,9.68765734700416,30.377109874294305,287.53385770189357,37.24022289083301,71.11812848695358,8.0180398117737,8.400091079756889
743,2012.7983633609847,5.02925659926816,10.78816450079352,12.642107989444728,32.709729044952006,298.9505110724772,41.00188784551038,75.48719967470875,9.084419757332025,7.389277873578706
474,2011.3591568617685,4.256018420368502,21.020604485919005,15.46901890355505,27.25509200133033,290.08649880719463,42.393955787420694,77.5839507749006,12.840925054495475,7.069121081293913
1476,2013.2277719128024,6.969372884453841,15.901554423953119,9.8642503988752,29.40112666023239,282.99909456794967,37.2145714263913,71.29657815431275,5.710746236102423,8.612792857777638
523,2012.9174769800316,8.92973674387328,18.046092828617358,9.576272481716643,27.782973559208415,271.5277385366185,37.13384962238938,71.31745413573628,2.140790255246879,8.683955933940762
1529,2013.2250486807852,5.6552556022525655,21.350799171641462,11.876444421578253,27.308621202801596,289.5012687934886,37.16190683564212,69.96214937646421,9.345799248431021,8.596490322840868
1724,2013.1333856709284,7.085869655162254,21.71108317246611,10.679546283423534,27.950887336278644,286.2525981749435,37.16724934655481,69.78775263817178,10.757580889025194,9.334199275679675
902,2012.7582046044772,3.785413463912016,25.513323067945233,13.417023249481387,31.32987742016988,287.75179046111634,40.0715904202426,74.72211550891926,8.720587784641086,7.350334794764814
1719,2013.0040471204893,6.983707765407274,8.539419240864557,9.807791338095955,28.980274252827112,283.1875893413264,36.5555831202927,71.14721777411398,10.138305365894848,8.989903309043662
776,2012.8788881927903,6.552543499306896,18.407644323822755,13.374795488516003,27.03981913727694,273.39307833266486,38.75765181829855,72.83363775781778,6.184672024618835,8.412675459069789
1253,2012.5860185612312,3.2380927307462786,12.40386781133189,10.115706664920845,28.259879261995636,276.98271859610827,42.846161538747054,79.78660692728131,10.617287190149318,7.501867575155181
552,2012.8765951388025,8.702316975479286,20.949476300948703,12.806387527402448,29.946973071128728,276.8322115527992,38.32580083470088,72.16001564820263,5.887757478206844,8.631512243077065
571,2013.0538621241399,4.093407851500861,15.486473274450631,10.5742401182052,30.388042845366787,290.03533280766817,37.13158561048649,70.65988448521912,6.383155512667584,8.930095457525226
857,2012.9834221518936,9.791385938972354,15.915758722610232,11.255181010303282,28.760370731820725,282.1963664098999,37.32573780120725,70.57352777370336,5.116901549568378,9.101035603377472
1293,2012.3138611357954,5.772504442680686,5.955684858853904,5.197334188420597,27.9337462435575,283.24757533953385,44.56636167550601,78.52279201505105,9.281088423105002,7.134908484876912
884,2012.7996248433428,3.2607148505984753,15.895547764516163,10.496392280752525,26.534059054662848,272.40570159859027,37.51808369731321,72.10305962752435,6.761425310732261,8.722359893321343
1196,2012.2125515848256,9.765393385350421,25.99788882810712,9.659868594397038,32.73341749396441,293.94395135716354,41.23327327628122,78.15349685990543,9.543230071453749,8.073649330163077
1651,2013.0839797567396,3.0193738520257063,18.399553481697705,12.427745050965493,28.279593731709937,285.926721346688,38.46188322156345,72.93820940012442,8.569117456543449,8.192918538377523
1671,2012.6850063915115,4.099430502273442,7.381716733878847,17.82110617112216,28.710444645759175,277.3097891926445,41.48056455338621,80.92502353453098,9.388277912973628,7.576882412473714
973,2012.9487488119344,11.10109810509631,9.203587361607553,9.592554563160947,30.880905950261585,281.8715033218577,37.132868508606535,71.20032583934943,7.865310414176821,8.673721762065087
1441,2013.1176858186477,8.840989463835543,9.476349951192482,9.091911235479309,28.854702684326554,290.9868201482735,37.85352908662942,76.73265031929742,11.286783304588477,8.510466425250694
676,2012.611367889073,10.730604880990066,20.0936043364164,12.45770661075544,28.045779257338502,283.8140646129249,42.138312709761266,83.36994606407143,7.683740825281179,8.169090837536224
1118,2013.0082108417878,1.717761084509576,13.904020262356692,12.696170291339117,28.173462367137233,281.4383619448205,37.62491461459468,71.45721705832541,10.110769247868635,8.403368387333321
1562,2013.0544213758567,7.919885593075325,10.251527171247234,12.654932709012382,29.51140357696831,286.75371236604997,37.19429146521584,71.34941128076265,6.084355518886808,8.725383928827572
716,2012.8848452283526,3.2855377221851993,19.684460122231712,11.303655699730225,31.25257090123523,292.1755381559565,37.22941624915717,71.22163533926745,7.337162684018444,8.754472934234647
1014,2011.589511580727,4.0300777800748175,11.032521151967323,15.071027489757256,29.015806392463347,279.73368631337513,42.41691940676622,78.29653008839118,9.769139310526857,6.454379796114855
1599,2013.1669435208823,10.017834057028026,24.73019340299479,13.295038307851323,23.27526991196912,292.41564569560944,39.40336508549198,74.44218989334333,8.73214364163338,8.03144825620506
516,2012.5853189340537,9.075318077638094,10.452307383879807,10.736862873859526,25.23414545482327,286.53875354191587,37.54656521191996,72.13481980275725,9.610518698961883,8.456593903450367
1594,2011.5476951595178,10.89079675808193,20.44093123151621,8.6059890619362,29.240005403850926,288.25605236373355,44.17966065571461,79.27355510447339,12.392798650581595,7.040748700263772
1325,2012.781513738224,9.180896283305252,13.289591745470664,13.351316190929406,30.58909247077004,276.34801268124363,37.3105446990655,71.90243269573652,2.648267339608515,8.715254211925934
1104,2011.6893594100238,11.758429163087111,20.801057765712546,10.317476080801118,27.50400710153789,286.53128203633673,39.276406886012886,74.76642567861383,7.2206769155763855,7.835728972338142
923,2012.6448533820492,6.292467483486677,5.72213745956557,14.685256501909777,31.490746123986334,285.77018812228465,38.98025453300133,72.43173732498423,8.221776062696222,8.264709970011785
1521,2013.0056210431762,5.138427645469493,10.55665564512653,10.948405441541441,31.98342981846174,294.4267664744089,36.5847695067218,70.51274764304567,8.486838476695183,8.68605724841805
521,2012.8821068782336,9.200775643214966,18.821205100816506,12.463983791810291,29.11799460476265,291.42691658688597,37.07736875903875,71.2204622889998,4.468241061472311,8.896117683425576
859,2012.942302191619,1.3387593803484081,8.698782238739287,11.160895611001102,34.085071030830846,282.35957019919596,37.193716634735424,71.14816056319462,9.349353684383118,8.438554727413381
951,2012.809997242059,8.195240630961022,14.02466936685911,8.431881386130222,30.740973342340187,295.95011512032414,43.97414656048219,81.98064134621798,9.538016230124216,7.333114700406953
1408,2012.9314265265605,4.3599582879698024,22.42009548674425,16.167327702794488,28.692182148627577,277.1011223061473,39.20393742868037,72.49690566029864,8.4497191659748,7.8916339716279875
983,2012.9175256883623,10.616049643078927,24.48642795629083,11.995854287632678,27.409638482358083,273.8434775753804,39.230318697423215,73.21555266831838,6.818278721944591,7.827049743636795
1021,2012.987553548859,4.373819321622017,15.938152070847387,10.394882871364839,27.820978606696027,268.492892885046,37.99075496047453,71.87471633649864,5.0139347256640345,8.515440342632777
593,2012.3188137195873,6.870789276164907,11.983758298896259,9.857412188435129,29.38023495652085,281.18165283143634,39.95708649102269,77.37686541578844,6.995130764710156,7.800677420703863
1155,2012.9942385991883,7.091462684049596,17.46666942789341,13.61190419895541,31.031860815668196,280.3034953545841,36.72444745817095,71.12076091105416,5.069387842446543,8.713998887474293
1446,2012.9491962225325,8.970420339899604,15.456163483040037,10.597862237898447,29.754150558335965,286.63944529333236,37.112058914758464,71.19680635008166,7.592052347181074,9.115178772147388
966,2012.604900480877,8.898128946354753,20.583850927571792,12.513070483168347,27.999608650116258,297.30950167950925,40.21612836906163,77.09291286967415,7.1102028850094925,7.557783094145334
1066,2013.0494026633364,8.893548616154558,13.984002461131396,14.00744780386895,30.995754043539115,287.7202457851696,37.212125360968805,71.00119403146182,6.529640418239843,8.906978631166048
487,2011.8232010927172,6.060136515879679,13.353222192798118,12.112354212335326,30.744558053090362,290.4162750710686,41.74813218661034,77.37744253337158,10.75760870316564,6.846493451693581
1738,2012.8411968147798,8.215656657568628,18.09700395373534,13.765148881759703,26.502675288585753,271.3905397746188,38.329591886138466,72.10496357187209,3.97458078726636,8.36693853639585
1128,2013.0464594094205,3.4660893082015307,14.80266863436813,13.477337607774084,29.68608084704739,295.4561310329288,37.266101178425686,69.71407277878372,10.29492269015469,9.21572834599353
1748,2013.004914073962,8.920027557449611,15.612031601226011,8.97479219259147,29.852350439983162,282.3862135385989,37.22827517795287,71.21106329341127,4.911702448950815,8.842551160804293
1689,2012.6616670618298,5.143636547886437,13.53351345140688,10.625440994673378,30.945473578186792,283.8896267983093,41.134279870321286,78.3699942766024,9.502178519831023,7.295182114401062
1333,2012.4209071910625,9.25134769674155,21.369254974264006,9.429557776317317,28.225471857893407,280.13471791520794,40.44555216549128,78.93353389479537,9.684686347933653,7.601111764064653
769,2012.6611062375127,6.701019438096485,22.237403711434116,12.383904765077633,29.63870593327631,281.5260529175357,39.320824417636146,73.34127624653695,10.183602869103156,8.303201630497727
1497,2012.8480430408677,2.3124846139009727,21.05673317300107,9.816678024847032,26.465786336591787,289.9825826644041,41.176682519787754,82.16034297156537,8.69548750585164,8.119920790650253
885,2012.5607285140104,3.1655963392465942,16.773731984185652,11.428527398347331,26.80452337389614,285.45794826237795,39.17075806823063,73.1855067320526,11.13512794861422,8.125881280165586
1500,2012.7699183539708,3.2178473772393104,8.203622657535492,11.182389777323896,28.90831920442819,293.8784216207031,36.942551892160694,70.60780283363357,8.963028474536902,8.905885629602883
659,2013.000867599855,11.082826935070909,11.124766303073333,12.02592306039768,30.633670820309305,286.66306657982005,38.51639768991435,72.18973572771819,5.273512285361613,8.02967560419485
1747,2012.717764671442,8.699446956203634,13.72047157234924,12.147162565312568,29.51649850238109,289.5351124109328,41.19180918699674,83.25209588486511,7.9669841492571365,7.810045121819729
1309,2011.9965178826928,6.990286731432873,14.806047069566267,10.266254057342104,30.138314620094746,276.99762666816025,44.11818825943453,80.37626695087766,8.75313867122559,6.891463557494517
1278,2012.060864761233,4.275398642323885,21.005064490060995,8.498034788979187,28.071432954306836,294.3335037554228,40.059372677150996,73.30121995359622,10.968338282437296,7.854757865047842
1723,2013.0150773674216,6.986988104514679,14.704322333198562,12.758237877591139,30.043606244119502,304.55709915877844,37.245703567715005,71.28215603657638,10.962815839060733,9.03266436643185
619,2012.9242068274375,9.04134362434748,18.465876543520363,14.54825535479705,30.31214052999814,280.0883916745965,40.85925460902645,72.07205520112991,4.07936367746843,7.870411409327389
612,2012.8637486914579,9.056897401357705,13.26718390668271,11.718477826540198,31.3144981847461,291.9399038303052,36.96727804245347,71.24983234972814,5.401020320026358,8.745616491890896
1474,2012.9595161295388,11.30289534894646,19.590274276234563,11.235717298729107,27.009649716210802,288.7906127688071,36.38751676318805,70.54650921560876,5.658665569076924,8.943206890341168
1319,2012.1283027800193,7.963551077449051,14.221326433352022,11.827367884736512,26.83639821635642,291.46562004535326,41.699224080456126,75.36348634117783,7.954147227204662,7.500093976388536
524,2012.9251889098498,9.810486834357189,13.966398419368494,9.030781388858012,30.537251058599917,291.65880414629584,37.036188388858115,71.1480193515151,7.527633350778838,9.043875614790714
1027,2012.7071548042597,5.097082041131978,7.954889482265839,8.398672983999086,31.44379894832313,276.5995720240246,39.28315644170754,73.05954098076586,10.743653072842982,7.973399719328665
989,2013.033677214564,0.9497963272179591,16.162212034863284,8.917463224409769,31.13002935370093,295.26539723392,36.66134266474361,70.49285201860363,8.289352398595495,9.14532844433689
761,2012.7429184080959,6.590287262789256,21.02879424813426,11.818185497515575,29.659885046981625,288.3791044180892,39.443355493813534,73.4676156868677,9.167775642592437,10.078989204465898
668,2012.9178584553263,11.638997757491282,15.923667287011375,9.691148838337856,29.714525013355328,281.8153225867023,37.15508898769642,70.41978255888243,4.507530902127215,8.771302132724617
1388,2013.0127005963445,2.261385030945849,14.152640139970902,15.422390254606972,26.8865051137557,282.5554604686004,38.398095172214056,73.06367890235232,12.079659674535087,8.4723516337088
802,2012.5783962036098,7.900918084486439,17.16134900671296,7.171804397475778,29.07555347100491,276.5527016081822,39.39777889932304,73.2340017760018,8.344025860837704,8.097870077463591
1692,2012.9449124901817,5.048234451489523,19.4857441848645,10.575148211217035,28.169059751127307,275.2967264180906,37.26392776463723,71.31428265454277,2.9079526323201526,8.628811330403456
1074,2012.933721261611,9.984488631648512,10.435961897620203,10.718849970830568,29.718864962199785,293.2193466972077,36.91790862027379,71.19856681126302,9.877661028848118,9.177251210709017
1464,2013.1599952736947,11.215327347120962,22.044707754464515,12.068758654298355,32.178319507053345,277.83042936186763,39.02310380401462,71.37992638768716,3.0254367976742684,7.850850289726027
1771,2013.0131175592855,9.933834247123542,18.145699055264274,8.52518077324261,28.94680522552999,290.47680088334795,36.32320193173527,69.65521477529077,9.226115624329704,9.427279958792196
941,2012.9411704951897,7.235913222695918,20.405724877128204,9.996362622681989,26.891299338279683,294.5617492073154,37.16935124443472,71.23797410060607,9.697200206044629,8.916702429386639
1354,2012.851114460304,11.02331385888483,11.990584411303912,12.586796084013093,32.82904753686147,282.35258697396813,38.10772111899085,72.00984689322982,5.404711234184038,8.111780398540752
1523,2013.1861673552144,5.124449953708073,16.17285100980024,13.063979526164907,30.448156845750994,299.8927203262169,37.2912494438256,71.32981029108487,9.942384982943814,8.70735960223169
1614,2013.0446037267798,11.483874368236958,17.636099838609038,9.920163550060293,28.287078537401026,298.6283915219368,37.00448977582183,71.09381442332122,9.150492692858553,8.979423317338867
1137,2012.9118606454379,4.530993429015562,13.396000082031145,10.41046168784044,28.69541909609091,292.0060128664534,36.62953284150937,69.79627683820075,9.201650169134918,8.838715483599442
686,2012.9850781293692,1.4647064632387083,16.754914280230675,14.42381923606655,31.567627542284256,282.69695247362046,37.6784342421544,71.78243311677345,6.070247143442038,8.417781866024141
1470,2013.0302919808175,11.78569322695526,8.826510246243569,10.92253776618599,28.759382021900482,273.4656216431807,37.19407423206743,71.40868356093858,4.917870319633433,8.837186669988977
553,2012.8547168445086,1.2266182216060648,13.502140080172252,9.508384626976921,30.948743777524427,288.207236781973,37.0131714779615,70.60813337284054,5.933125629561756,8.539572489418584
1624,2012.7330291903625,1.2304296773112449,21.579357361548297,11.25234471077556,26.40736403700641,280.0483963889341,38.885828157812405,73.07760585131695,10.192740590073834,7.901559488759857
1385,2012.9028475928706,2.2030018154776974,7.405352271063434,12.314650535079814,31.13803482970463,286.8435511612363,37.118974095503866,71.09162241309036,9.351922518274163,8.396443491811034
1423,2012.8520757055599,7.175212519899558,17.047761705427522,11.933750751013784,30.672575632972297,275.4250591521042,38.478357982049516,70.09088707179626,6.159788661812873,8.336739867226731
1047,2013.0088398409746,7.049814094855842,13.72190985264099,13.572116563377078,31.370228999772383,269.1411228131465,37.12999463914174,71.10161742749001,2.847731972992048,8.732890607301634
819,2012.9348774862253,9.504312751616565,22.768133708867968,12.504089994581014,28.61282323116964,265.56628253081533,38.2958185128758,71.21784343903104,1.2880493840941183,8.324424476896455
975,2012.9469000042136,10.977986449202257,13.31805831034198,13.574345759676504,30.35943762056824,282.3965711180018,39.34210162820766,73.18442167129221,7.046092205737185,7.931662130170009
1037,2012.9925342458023,6.232582410329731,10.621259804412139,10.21039799076113,31.009360976697167,283.9688217579781,37.11832173045743,71.26809916614084,4.630719702278807,8.687875694376949
488,2013.0002536297225,6.077058168874349,16.88406464358318,6.626811776722454,24.0641827472253,292.1570683384202,37.06167829122438,71.1387931040811,12.225118365010063,9.333658732420906
641,2012.3281701789854,10.846952472608029,20.39326894087855,15.038891493959234,32.24228129712994,279.2279325793445,40.09109916021339,73.03341857005042,6.559595536198197,8.221397875783147
505,2012.7546812063981,8.037401585921275,18.155132685608265,13.292461535404346,29.081853775302022,280.73716562906424,41.299561134781584,81.50873424696142,8.101754745450226,7.710223505718096
456,2013.0165019612832,2.242655538637501,18.701458357943228,13.116159252061566,31.780831285438204,280.8486572647424,37.579257698127265,71.47320943249134,7.160465595681547,8.300252737212988
525,2013.1244914203533,8.888715875098695,16.53774743986106,13.744591414571003,30.319293070287028,297.5690440721418,36.32181398666879,69.82714179383665,5.933969125259548,9.270323867658961
1661,2013.204413955489,3.1280380670359036,15.822339437143505,15.319443206383909,29.940962875263875,288.7368176983797,37.13898581406699,79.4562579921085,9.202991126764896,8.43938722319221
897,2012.9016672587318,4.396242490131448,17.255039974485072,12.356688980536628,29.197101857406267,273.83934926546266,37.45551809955335,72.06004373778481,9.911859405507062,8.297363682662139
1202,2012.949277450297,10.978272723958227,16.52832748580695,12.504409288985947,32.29876363873419,275.8798758739244,37.30301931232289,71.24024239404133,3.3161339134092964,8.508234072197531
1499,2012.9010452062614,3.088242822261652,6.380220021089775,9.989718789433663,24.255686200341824,291.6302947077556,36.41064327036561,69.69904701099618,13.464397526732041,9.13612842216035
883,2012.9692199452704,3.2211189526022044,9.974713423056082,9.987324588083773,29.622547255039223,286.16964016494995,37.36859353764057,70.37379803211816,4.62550410422554,8.561924361656658
1717,2013.0455856317406,6.739730373600309,17.56453623081154,12.255932156744649,27.236744957789266,292.2850733777366,36.90453615073777,71.25362825741212,12.491215666297313,9.336696574736184
1188,2012.8214723296462,9.57497316142912,8.052509087572245,15.364369566776825,28.195254108115783,277.05920340980595,37.841816981348146,72.37740404414812,6.871317967116418,8.51851393719692
1688,2012.8108508003058,4.989927859638852,12.072007635898848,9.889262032055596,30.574720335340437,288.8079985146445,37.80640760192883,72.28162581794145,9.65934875026558,8.460345272198513
1272,2012.3102486557614,4.072390175062639,20.24767606438438,9.119881693345759,31.59367131599544,286.3115609635574,40.82607821466743,71.4545464436013,6.776894472363146,7.932735424879414
606,2012.6125019306219,7.844898628244491,13.784677402422249,13.48184035860493,29.99100058831322,285.3882603504104,37.33468925232147,72.07561717151434,7.593132387809879,8.628380591428117
968,2011.6835739984938,8.611115728095971,20.461552201657,10.959522803518176,31.646634834194693,287.1414731804389,43.79541791361613,79.37387294886871,10.9121683806593,7.246395510428381
1048,2012.5608416373298,6.948369441764044,15.789317974665193,15.933018376468194,31.118988748650075,292.13387660263703,41.11195319850502,73.39599073088053,8.015855144327555,7.4679931931505905
610,2011.7855442293521,8.76172324526276,9.336773854821667,9.181846864205191,30.27603808012534,292.46128202512546,43.039109590827245,78.25412693269102,11.499405273900798,6.586407132304824
1670,2012.6099109686588,3.4855755218126334,21.545939635516422,15.253152150653094,31.888713217016736,290.9528392037049,40.62596057504672,77.94740135734484,11.307212423732084,7.559338846056111
1214,2012.419438529902,11.951683347866336,14.029426656120084,7.004054555097849,29.302115927013176,282.4490666906958,40.297028714674454,78.04401507645885,7.975159407002198,7.8648664420252965
863,2013.0616431172652,1.4528409664201432,17.190846091196565,10.891336884439712,31.720044521324837,288.3081631796277,37.747145441941946,72.15904476853613,11.8662964343555,8.17100511260936
1696,2013.0916554823298,5.216911647969334,21.85600928789815,13.657927101985996,31.31080456699096,280.09424511228866,41.71240724222798,82.01415343691858,10.07718347600776,8.50684216474471
669,2012.6154150331452,11.346190036629281,16.415973119585814,13.916192464693083,31.833891571791973,278.3870814679973,38.82154207718319,72.88504706805442,4.427153178814865,7.669883753173989
1544,2013.0961509283304,6.743280317468949,14.764983140206436,10.05781596913772,27.297549576181172,284.6564721837895,37.2563493027064,71.2043662238359,10.826523867945934,9.201269701683465
599,2013.1977886351979,7.11439927866279,21.62357373727383,13.713660925312507,30.632578715914725,286.355228557397,38.025760573957584,77.35954862289589,9.540558870378499,8.089010420987204
1321,2012.9949089593338,8.388932848056617,19.133917959247672,10.138796140543283,28.78728690454959,280.2488787148082,37.253043455850516,71.32633212965682,4.970265343183719,8.862990021470699
1591,2012.8685769948731,11.138629606771426,9.84256029961361,10.613902492574011,29.870759992907974,283.6889162162912,37.141045104006245,70.55017768809651,8.216738817515905,9.066322598491448
1704,2012.9644726247393,6.243650608248692,5.639152866440827,13.116158054558154,27.647233786009885,283.2462319406881,36.935805712392714,70.63593406088006,12.214136586493826,9.150820003273022
984,2013.030238371296,8.70587417959576,15.659014376366539,12.064477510329649,28.45163554689946,286.1536904576435,37.34582022540148,71.31637145398444,8.835516646473852,8.852509188025916
1558,2012.9850598178186,7.61903150559993,18.131079675361928,14.165175783052565,30.213147080105713,274.18066631813707,37.45875228991131,71.42659713854552,8.987105792058498,8.697944936274425
1378,2012.9812400056037,1.2692331701425814,20.076281186079648,14.05985336074719,27.080830378808884,299.46532246094426,37.30910174022656,71.20379351176854,14.3660391298233,9.292826794234994
1060,2011.1655514423796,8.207339590613659,16.604271900472483,12.649595891232302,29.784469224523882,285.6070970087179,42.52220999671755,77.26033423548796,13.120946983645808,6.57907585540524
1301,2012.7168307279078,6.154120956128975,18.52156934865176,13.388487746907636,31.82714483272846,288.5385533321073,44.110967889413246,81.18837989572636,12.66790353892223,7.510579060197724
1456,2012.9987578228202,10.10586998801614,14.63281621808396,12.471601754964368,29.54791216382176,287.0569391230268,37.26785357506193,71.30954761168675,9.96780391917973,8.975913602704058
947,2012.6897876495627,8.134412141522901,12.32546277215073,12.8957113046221,32.222835047499224,284.3945022801321,44.14117469516762,82.46194728199967,9.358061043255118,9.541501955941268
547,2013.0729284849185,10.406391125723944,13.857214343751272,12.563371064629182,30.503929293730266,289.45048337942563,39.889022644258056,73.13778493678643,7.088620665465721,7.9794127344276955
1386,2012.8105951558969,2.317113431606909,16.323527561058405,12.026071535810305,32.12451321031793,276.5636888973418,38.37434136596882,69.86284694308891,4.71411957516736,8.35039961977225
1049,2012.478581358073,7.014812455400094,16.66596548735319,13.658873302263288,29.341746710751213,291.54882470027076,39.12492359337006,73.3461169617829,8.042051636070774,7.7753244703971784
595,2012.9662570871028,6.828540761572784,18.042480652633877,15.509937058846793,30.272226708973115,277.88730722579703,38.98642795340733,72.24737943889285,5.370199569568374,8.358143758590911
1110,2012.5175326151702,1.323034648233509,13.980274428600282,8.916973253212966,30.602613235350237,286.89797079366093,39.40726742202098,75.14369976019293,7.826519072919643,8.486027530606728
909,2013.0010502338541,4.9707453728791275,10.29456650534871,9.767653512593515,32.42944268343648,271.92037294842845,38.96184656244921,71.53028180239087,5.786077200286542,8.164578606287497
598,2012.8136917848633,7.251134065587785,20.16824988210375,14.094140702273256,30.615641399732304,277.37676815372475,38.13178205954772,77.4852846568202,8.506166836525878,8.364822306071572
1596,2012.659598101805,10.99539496255616,21.48789171847884,11.94351988358009,30.11637132192478,296.11024585157156,41.54343155994995,82.02747296870442,12.095776568030582,7.864628982514967
741,2012.699933457678,4.966469128271931,7.744643944528016,16.613022379595485,30.273120931852485,289.31339457543066,40.097203739333246,77.31438333696158,6.777086939362648,7.4752646480275375
512,2013.0198680571064,8.38130944096021,15.283819924318948,12.114776533780244,30.239188615231036,296.73340975661796,37.36173360369113,71.43474540283201,9.194010425980998,8.732366822748482
1571,2012.7428099373208,8.184193943670536,16.619437691778497,11.319883929652578,31.939693293479046,273.31338945274456,37.96250663256313,72.23348160927681,8.109421297857477,8.499403709381873
1566,2012.6160500804854,8.275737035994911,14.630476774778202,6.023390965352566,29.84797156142483,282.7073886364649,40.57878823537138,77.98413593951624,8.840380625733237,7.477165026424389
839,2012.925629406613,11.156729678567936,23.91226942875695,12.190555202487914,29.11355470823345,269.05489102205075,39.348694185359776,73.08821522972968,4.790464110313933,8.070345093635684
1222,2013.184957383617,7.74090110764534,19.566740846520336,12.208425589381921,29.9861314199354,294.89562859311786,36.35673956847834,74.11742092935634,6.208467853028679,8.34982660788522
1491,2012.9391803185558,2.3736766007843437,16.77757388069636,12.774736105827229,26.306486531557056,289.38117513786085,37.31495448615567,71.4150159568986,7.875943026476312,8.73385338202489
443,2012.9395260396295,1.182009006226937,17.800908539600037,12.808284437566645,31.151672570835565,283.7992708526402,37.48227647202475,72.17152535635628,9.407884522856104,8.425353101023349
483,2012.3885097274078,6.190891696736551,9.388192416190458,11.094317412289566,29.317716862232142,272.6404306173128,41.77715465952814,77.47470937544401,9.488432068739906,6.947474286490659
836,2013.0030540170517,11.493441536826714,25.682523732885365,12.641695063753597,22.983320797506362,289.8120697690965,39.16874129964768,74.2477436480956,7.1524745646160355,7.744712701504395
1390,2012.471852727399,2.3948353826325057,15.9526178509622,13.079680301552813,30.13134321145438,296.94882393602296,39.8976140020176,75.99363043076546,6.194256194594956,8.294947595751587
970,2012.6892547794582,9.945670636135373,19.478912903574397,11.476484904713782,29.07375347400187,290.334142003321,40.06908741250195,76.88187026299147,6.014906482647482,7.558715116518147
1195,2013.0570535949755,10.732511268612186,16.60003913761082,10.779873935484845,28.57927682383519,296.32860300273404,36.650704149949924,71.21310266394202,7.466836926508023,8.79303102781758
1509,2013.0073377895612,4.03657396274614,7.76109706350096,11.717358264796902,24.24712464588308,293.0177802632087,36.93802862074162,71.31407036532651,10.48833334627896,8.983693593928196
1028,2012.9914631624213,5.239475616176135,9.42584349971627,14.509688051608293,30.618886374896718,276.68517351662615,37.737647287933605,72.28484459035813,11.238404082526612,8.404434568876482
1349,2012.9995373612696,9.81334605046045,16.566283573220904,12.827936522677541,27.178036192820773,280.1710895566849,37.48899645026783,71.4438342202873,7.094126180622965,8.740396382813769
1230,2012.681074911947,1.0570821470272371,20.394606712964965,13.487809787086183,31.27906243655901,281.9460234261787,39.34908577783818,77.27622109760692,7.778549463047883,8.259840227519584
1139,2012.096836445717,5.14370764173515,7.582482116232321,9.204828718593996,30.15609675358659,289.36011034214874,41.58868203198858,78.24246336982826,10.925715707247711,7.203682785227123
931,2012.4394133933342,6.30881180219409,20.688511781889712,13.664522995330117,29.935119453507113,281.3840518116523,38.71459371987921,73.07875475238384,8.525110381393175,7.7668771843855975
847,2012.9321902602505,11.41863834413489,11.541599323642096,12.185212222171547,28.277635471106535,297.34318133494884,36.346651132726734,69.78966173289587,8.9166678772566,9.258670543349947
451,2013.2213479450513,2.339398655405577,15.54925654200426,11.445666496511127,26.576035186565736,295.8875872990994,37.57298358411428,79.37991955933984,9.508562981731576,8.438346718947216
813,2012.5667784195252,9.12466136921393,16.47475102962697,14.001453148096527,29.84298684104242,275.14517228214555,38.25301470833347,72.27914418316197,4.659096886109073,7.985918946762768
1621,2012.648900438866,1.2544737153201397,15.148774970670587,11.226462475911953,30.87308659564376,285.3960297919611,38.68404731944665,73.24724172329661,11.264895957139917,8.02246509324922
939,2013.005563571425,6.91277257268018,15.584234874823945,11.38642800346714,28.23173368344992,273.45211037248384,37.47084783459477,71.49265485059628,7.18845983252121,8.734933581573276
1087,2012.7605539543204,10.692444456902967,10.45303886174715,9.282056683918883,29.231425000687793,289.09167394420916,43.303613717062994,83.84158379765063,9.199878784315255,7.174625730746235
1022,2012.8479704827932,4.169366553172223,18.52454659918064,12.694762584273896,28.98676438630489,286.10952034607277,38.444300481048636,72.82219282227676,8.226911757668615,8.2558990872621
1751,2013.1992353167896,9.154491252497401,17.02462817185676,10.873921885857607,33.804973461981334,284.09962310055425,37.33278743746976,71.27207666110324,3.887081754694197,8.312164074226638
663,2012.931029753997,11.763317242844286,11.596115773811029,10.205052927448353,31.405431580986725,275.534664900048,38.58994782120542,72.37698948943294,6.281747582267404,8.072688773489599
1524,2012.5367684033838,5.025435766931289,18.33029706904814,13.105889132000893,28.10493819947072,287.1154944747501,39.9547212274673,76.41957983330315,7.407060645761707,7.517697013175518
722,2013.1154055149068,4.189507082858598,12.516272136266986,10.402232072966253,29.951076698462487,275.5799488167523,37.331149708087686,71.21689503605207,2.7768037755870565,8.674375001729658
1119,2011.1856673737916,2.0341720767432983,5.939425500996258,14.09313667389778,30.090300771539233,299.47183746828375,46.52939148089186,84.05947716543429,11.301545816302413,8.6866275785608
818,2012.82235319031,10.057759669443483,17.795912851025584,14.313985792304553,29.77964811003637,267.17365109927476,38.3371745239492,72.07311349691017,3.749339015690439,8.149302158272825
1032,2013.0712656811202,5.020317871675925,20.374314377030224,10.480396911724755,30.29545605714111,275.55634401049815,38.36630018865858,71.43109017539172,5.79656982443257,8.224178725444869
1694,2013.1516710254664,5.168279842043673,21.19263372373364,10.833986376697295,28.683866456125656,285.4445482740366,37.62817868538184,71.36057917287297,10.833523522828585,8.482341113448209
1122,2013.0421681672535,2.1572922999533453,11.998297551158132,13.458645027226321,32.828543798872495,276.7802774258984,37.25243151963387,70.7408842291416,4.803521490714173,8.332992263378678
592,2011.6964189936766,6.90163023714534,6.970381834711146,15.16271980045681,29.68875614559456,294.24056156649664,42.00631482105269,77.53390186351203,12.577579141143074,7.215575236718014
1115,2012.978707691701,2.035996666983377,17.141987555715378,11.994843059429387,28.47348623011616,291.7078539049635,37.0109021952367,70.9688841522429,10.555680788580306,8.654866045413145
1543,2012.323183196429,6.212505777289051,20.10829611157437,13.053495102091974,26.922338546689353,281.0113269588795,41.47354104810666,80.87757092625706,11.031055181474587,8.391111271404068
1314,2013.033341169234,7.374284511409364,20.96644904715398,11.608475023636997,30.319169854816824,290.4539582911718,37.188981957291475,70.5393969945447,8.715159972764152,8.446287623183522
1550,2012.9685826051898,6.967438498145174,12.797961846495241,12.522548491668246,33.24984028057688,280.95843860163313,37.442184397288784,71.43498036569655,6.219683158050179,8.297071302371759
1071,2013.1215238826262,9.751231359715952,13.50704406845396,10.847874933202903,29.40284204231028,290.71820895902755,37.384405123301875,71.27143014783425,6.927262736466622,8.714842185558998
840,2013.037821860478,11.164245544840798,21.678571076671336,12.36069731142685,31.328914054992435,279.46410837221686,39.35970101237213,72.95415938432303,5.366816452859408,7.808598322980514
1257,2012.8774608468516,3.7414055829583126,16.70491039568664,9.345059101565887,29.567341198110668,292.1218215514902,36.64930534608992,70.63719288906763,10.868878919615529,8.957614356224706
465,2012.8443645079144,3.339864950691507,19.494289067030294,10.347769136843688,30.599082320122065,278.9722128516341,37.29306214977194,71.25240245837037,8.624336442810385,8.647112202465166
1268,2012.8705022318125,3.8670290643704,19.515044943879087,13.485873339188863,30.027080725541182,291.31088208167694,40.99935233839596,83.31845857262087,9.835088073722554,8.329550747284022
1005,2012.9394011070901,3.777174904234096,16.22978096280441,12.324877350124332,32.44520945553941,283.051043992105,38.630617689755134,70.80149190632052,7.972712972305464,8.288743373445211
829,2013.242712592301,11.481908380064835,22.844380118003862,12.20076273545595,29.999882231152885,280.8654103492577,39.28149893852221,73.37061501857531,6.43452699408058,7.556255350819306
538,2012.930610985303,11.201333304563317,13.895553902976246,10.927206370672959,31.767508052733003,296.8238640386382,37.16942058539856,71.06870644245103,4.848048576387511,8.931105446695064
690,2012.6509727267583,1.2478856067213389,22.150349904369513,11.123368346038415,26.959123893073045,280.50188822108544,42.23382464491294,83.65104847629405,8.723970900689096,8.003233150278932
1503,2013.0014986192211,3.2498675897439986,16.05567075199871,13.048300767969861,28.48056056914134,283.1425086779455,37.479911204614396,71.5353678831581,7.379528621239166,8.46674992057829
1179,2012.953558678822,9.08537048018058,18.388637047082604,10.771960816260966,27.420022418871163,290.05577459403185,36.92140779003205,71.19743386090482,6.2228496540369145,9.081279497247763
1568,2013.03057803047,8.091039715176548,16.23752131264371,10.28377047000958,27.598112288196084,291.3510665128886,36.8419630115026,71.22223278678882,8.359298491356812,9.206360383590345
750,2013.0378008997689,6.2035515501444936,9.09717073722851,11.819533430658247,30.14491143677327,277.51705595461027,37.251563057263354,71.11219191070803,5.676101107190488,8.454490143914413
1598,2012.9584504174709,11.357435345182834,20.52797227240053,10.508268515688501,26.45897135877638,294.941271739388,36.656692405433645,70.3963696507365,9.480595916514423,8.902027685544665
1561,2011.4385077832872,7.52362756615446,21.39973010671602,11.020210087765243,31.527671939113187,284.9578983391774,46.16669626661445,83.93769111510757,9.403602426033686,8.288269067197483
1754,2012.111021039822,8.984101887409492,16.86194412333371,14.91891202378783,31.145298696354686,284.68527883485194,41.65520874774099,77.28019737083524,10.985257399178312,6.484825377911708
999,2013.1665438032537,3.3140501939956986,14.375140952431506,13.104756290174734,28.695068147353254,285.96124531536265,37.452848689643815,70.87633362810692,8.53858012993161,8.803018984448071
597,2012.5839339618828,7.337737591816964,18.964626859290682,14.874146917854388,32.4432943089795,269.70435495471656,38.487924114651506,72.26579618654925,5.744543340481282,7.956681651781505
1641,2013.1770140917847,2.2480846052935255,21.67575195034343,9.146744677130057,28.154435510282823,292.0950022083779,37.78577893861686,72.86868777296797,9.073748119814248,8.129132117086638
1193,2011.4278447899298,9.843254675217917,16.423049909717683,10.899519327110633,29.204848567641044,293.5568629913353,45.37824354273249,81.42102359558933,7.956494970335737,7.441384531107788
1271,2012.8631006966245,4.275262809411322,18.283355863999592,9.69624506543944,31.18509872892521,282.9839737574608,36.69270896515601,70.57372540547763,9.64843077161899,8.616680082068962
790,2013.1914251893138,7.4660536489823786,20.750976043900263,12.128770974794813,28.208582519561332,294.69359261286456,36.59014391452364,71.07206383217336,5.3433915882961225,8.755940052033655
1058,2011.035449569209,8.191391163846369,21.003465353247964,10.487096868103068,25.50205807497818,277.6151834375293,44.66855694370324,80.23376572612175,6.48834899896926,8.035393144855284
1551,2013.1150157370676,7.061192376893704,13.5801520079924,12.507819906957648,29.912471303596572,279.85680108194896,36.61613682645891,71.06775094585207,6.007843997395703,8.443385495179276
1547,2012.3457168108953,6.8255729918071815,4.890675800213557,16.71921770927848,29.289926208166982,282.28918669435654,40.81914058898929,77.96750873870965,10.578895708600012,7.640209994799269
1337,2011.6838638281433,9.765575505013075,14.740005062859705,13.977854791370614,30.646407418027025,290.6951112784868,42.18490218273601,78.40453271868239,9.487061860349936,6.978190884525829
542,2012.7122676792583,10.75568911990593,21.222618680596504,12.256881424441126,26.714037688453264,285.55780960677623,42.304493686735626,83.61305227902824,10.054946709637363,7.457898700374488
796,2013.1152500736034,7.893137196700458,8.050929315809833,10.065807362023714,29.321775248295857,286.31287321890136,37.117303881279135,71.17941344837635,7.720906224015502,9.078207827693737
683,2012.794872610684,1.1440792814689273,5.3378028951584735,9.69740851906407,31.70780196719665,282.04770560998605,37.10850578192969,71.16965481224557,13.989293774382645,8.79687229827148
1666,2012.9015305512767,3.6701144960557586,22.555981397430564,9.837970048564175,29.066405890819812,279.9174113497763,39.224781944861654,69.8000237808233,7.296577434305098,8.142621719987355
635,2013.0039918881437,11.062414116552414,10.306113973264704,9.78233458643314,29.329351819084238,290.07904457893756,36.986975029674404,71.05645805327876,7.0698467805257765,8.999685346818488
1730,2012.9967694855482,7.759828553736565,8.386505195985304,6.606272423570405,31.903902698256555,283.3139807318667,36.93478638649593,71.1588715794415,10.683231610101592,9.214694494393973
1335,2013.1417642601139,9.39153710067129,17.43043679680188,9.66231661351018,30.372078964233772,298.788316079689,37.08856918849183,71.20783068371331,4.117559691950974,9.085834557958627
1348,2012.9966999294982,10.363783298704382,15.322536074816435,9.59301351113773,28.720139181107058,290.7233646329212,36.3985700092676,69.68849998557405,7.24713084248802,9.081022817798539
445,2011.0625263122804,1.414551185873615,22.6791382466357,15.386128010323485,28.726672041996217,301.4073676860699,41.66404691151031,75.36075991487071,10.535575634732693,7.177670674848301
1735,2012.6573351997113,8.192139785152774,18.174643199545372,14.05490083914101,28.711308914787033,275.9389881407309,37.89171346676645,72.17379464159325,7.560796040109905,8.424924719724952
1277,2011.6052260007941,4.1120901236696215,20.89272549931664,14.000907889418595,29.79176880538187,296.0838183810201,41.772440987290054,76.53790258982005,12.558370245161854,7.125525455099961
719,2012.9842573596673,4.130277730710874,7.425960503816968,8.824391754603669,27.694556636342696,273.63192009314514,37.15172691673622,71.21755712512011,13.043824002253734,9.170186068448642
1079,2012.7214406249036,10.007801113185385,20.034098262987822,4.307969331524776,27.96861560484662,294.48151814819454,43.971411431388326,82.38509976174353,8.90764605456037,7.408462267807155
880,2012.6350923267282,3.195305734335862,3.4187444095115884,7.185625850587604,26.46050154394971,276.01875409006993,44.16826455967512,81.00035562195025,7.961354260215309,6.672199685602103
495,2012.98179746252,7.057730211118109,15.001673348105891,12.52650211680339,31.834124965360942,282.7574057908711,37.2157049541951,71.04731650350877,4.465304863590221,8.575280236965462
1532,2013.0027116759575,6.159204247768632,8.012561813644792,9.762544893026003,25.49906838126431,292.5041683134579,36.99875450649034,71.31388509437618,9.380074486774648,8.866697283012728
792,2012.9768788405493,7.467705358755346,17.642612188034068,8.818897263037838,28.463085758603597,294.79489992572354,37.04407148167144,71.06577031444041,5.636353823139897,9.201302737560157
1097,2012.4792417578124,11.62033275506962,10.608083388967422,7.537613413877856,28.60177881495995,286.02892341209974,40.03795524925389,77.40597873786047,9.518583110377602,7.669999394608103
791,2012.4606809249744,7.345605667035275,21.106747455642726,9.975376743235294,25.949544874942454,279.3235362296218,40.4707201419463,77.70227056594277,5.15902641276874,7.911116654773726
1645,2012.6359863090618,2.483829098405642,19.85534252668,11.906791728833728,27.23154903046416,277.301301851489,38.71346172490242,72.94357183043316,10.749269871444273,7.972425592783084
1288,2012.7396189709978,5.27342121902885,15.315288001472046,16.26092001674752,27.768458643395977,277.8696137374496,39.30708109078859,74.12274777881517,9.797595166876519,7.711269232796045
1175,2011.2770136816698,8.9130485032237,15.344423260547693,4.445289411713604,29.148133039969935,285.4968315363096,46.273400998375315,84.01302514487146,7.9867331010304135,8.125134698336645
1647,2012.4661390562912,1.9345548909224548,21.794659059430536,17.149718309042026,31.45622798510201,287.45907429906225,42.11840907925683,79.24116300780511,14.455114180847065,8.032057168546482
873,2013.0869018644432,2.166719835716684,18.932701540058595,12.775025590273902,27.403301134831946,285.79346300144465,38.728224855718274,72.65472206283107,9.282020425244394,7.809980933546745
697,2013.250663680633,1.5906770687936898,20.686081283137913,12.238575361615938,28.964893634725556,280.6607356599271,39.541062779932965,73.21109284963343,8.198317636372494,8.091455483371487
1649,2012.6785645245566,2.244132431227418,24.29998168732942,14.091174894128589,29.565754093795807,282.4097007938758,39.27601153997496,74.25742854339146,10.106900109884254,7.818469792373438
1207,2012.9949904220252,11.441199674404707,19.228318452669594,9.773102839083537,27.84193004926951,285.497995807982,37.25958587767095,71.29436287820951,8.213855015788063,8.568632049226192
1009,2012.9946311349806,3.6326845158494683,18.183138876841742,10.266263910124671,27.474346961406507,286.225798659957,37.0789495832996,70.90940944235113,7.482383593974874,8.856797693626408
1407,2012.9729181718064,4.26688329019982,21.63266291907585,10.01508460976001,28.050252665380654,297.80957231428926,37.23974154483393,71.262982155749,8.220805869100507,8.724683829315643
739,2012.6007915572177,4.092396223018568,20.29652990288663,9.673761863991585,31.26308970263405,292.9602431312713,40.04562370367989,74.31521954926333,7.169958702655629,7.883007664684342
755,2013.0698545466523,6.330605620851134,19.02330756186589,9.818955688220667,31.959665636492197,293.0126537657353,37.26976025126605,71.27264789775582,7.483899760467239,8.426225456873397
654,2013.0391507609509,11.20293984166024,12.214850563486879,10.20248319430895,28.769350796098934,294.87127914203836,38.66101067837595,72.50081061384007,6.878866836392157,7.938388045200037
1006,2013.0155645032175,3.8360060446995616,15.711599612715833,10.992511100311086,32.52591466512611,281.96514480566134,37.11439386548304,71.19986418202853,5.890564111765467,8.831149806876958
1007,2012.8955885219862,3.89440086413486,15.904265327432825,14.29594865215972,31.81481812625885,297.834326614238,36.39854013838033,71.26416847869802,7.397242424226453,9.015775430210374
1294,2013.0672555544556,6.282598081322618,7.305146501402853,11.774813691027298,31.119599887158838,289.5666846990972,37.305147730093026,71.35183475042751,7.513336869124958,8.524751304105548
1138,2013.0696367974233,5.110146438050473,6.253763508967808,11.21888703659397,29.78190451221711,282.9720727598694,37.31854558323436,71.1836707915733,9.298224642069645,8.361291612078425
1161,2012.8936638706566,8.23991697730451,9.067569238207,6.921760140032049,30.442946075610273,290.2092944102413,36.497104028564884,69.56316155520237,12.061371172680516,10.642961741291929
969,2012.6473166381365,9.705194903573373,6.735892600909058,11.770995763618174,29.04582129337675,268.15795377853084,38.565730790116014,72.34342426285986,8.747676777957096,8.15982733163267
1026,2013.1335660291834,4.951464499373053,6.6866676297174115,7.459111171743878,29.525624396072928,289.13480899683486,37.422493964143676,71.3300683316784,14.80855520265552,8.94261745992284
674,2012.9683403434342,10.923968734357604,21.762679508863442,11.476145757113091,29.487201927855544,283.40780190945696,36.211094191372354,70.42311677673317,2.6334275632667263,8.886185803467507
1612,2013.0857295068004,11.869508053480509,20.274742106176287,10.930385067666126,27.055937720337138,275.25219807853625,37.36562762522099,71.3641323170819,10.08043809318538,8.404070464937327
471,2012.2921375236303,3.9750419406224182,13.6496952195536,13.830490391556335,31.047323636954452,291.2980890242119,40.024473474611376,77.31819065871846,5.301121485244756,7.291073686870847
1554,2012.2241974868837,7.266854874992672,20.52390332132036,10.500093517103107,24.370469105356754,287.4208020837103,40.56768534094791,77.81504740390206,9.034375827474939,7.733198911448319
519,2013.0955833028574,8.572465825890307,15.162471968445317,14.61936048393832,30.732074107275444,290.641938426935,36.41105292063376,70.70198296006345,5.9276355270436945,9.205528608415218
564,2012.8146758603878,2.2311044202795887,23.370091082536703,14.731915121285674,27.71052350362126,286.2357715599078,42.473313060969936,83.7941521762849,14.615011701207122,8.49557838772796
1165,2012.9944849408944,7.776684434625302,17.206865215436764,7.356457613057458,27.43647590386626,289.47961242503084,36.476663470291705,71.22751524098575,11.531058561620846,9.46457753324449
1506,2012.9671416456063,3.0973913822899393,19.725610108186732,14.771201556981072,30.52800437999822,286.51515483863096,36.75409626297106,77.59899314335635,7.733156552590041,8.756677128120222
1187,2012.9288556254078,9.66405742375072,7.110766682914923,16.299857542510917,30.717323504635498,274.8423502188829,38.59309896375315,73.0023642182325,7.029798134698441,7.863686113290377
568,2013.023459604386,3.0850150270709187,7.954967510759849,14.253006468879166,29.651860504071287,281.47590902458325,37.27004093688525,71.27319191540423,7.161263668113847,8.626168568244992
754,2012.6173364718868,6.393414006402642,15.356517601252374,14.872386563179422,30.58583377670814,274.0208584535484,38.18053877224932,72.29734910919352,7.274772748034968,8.362484573218449
1603,2012.075239321094,10.836743069966188,10.745329272460825,12.044958538543153,28.48457067247604,279.0540367688864,42.288334033808226,70.31083877175179,6.302262492005638,7.862059542789359
1708,2012.7437631835949,5.955643643121871,17.264447111573634,12.19104495285372,28.796108215379267,293.97634333276596,41.50210553045736,82.5515631732627,8.959761200896779,7.856435923104216
1226,2013.0726787331423,1.4291861364872085,19.050239598734265,12.158926785466955,30.485106287420365,275.0929114485928,37.366140531231146,71.18921572871287,7.1071190197707415,8.54685057044171
954,2012.6932559363659,7.994636251386051,15.2551501982134,11.160369041241315,31.12288065558252,288.70899267915377,41.63403602221535,75.7171994801266,7.747403126996755,7.2120562612361985
1424,2012.552892571701,6.83027603273021,15.55686634287283,14.993461269684751,31.533686413292774,281.7504903252787,40.02058910349447,72.84605646086106,6.881434639015213,7.719948948750977
1485,2013.0346640763396,1.197219681590151,17.304038017250384,11.636784012210693,31.369737453192144,296.7075534720723,36.71577456602385,71.2908030049148,9.536016411673106,8.500017179541054
1590,2013.4695510305758,10.061074898970068,18.90823650872051,10.315787440102376,29.80207754415926,277.4556186938919,38.0790196200991,76.78111000181855,7.727905661345889,8.113033147360916
517,2013.2135796650875,9.184701358593898,15.479405580325794,10.465628429076625,29.966149880549274,277.50694646396516,38.994219912973634,71.3023845768524,4.094489505230723,8.364554868106051
1443,2013.1210658884017,8.851951378997878,10.466829527890857,11.693124254828737,31.025433679039136,292.9117310313148,37.86289622267413,76.83927665670626,6.7444357870023515,8.334366860279713
618,2012.0938396102888,8.904964519601078,20.49745016212271,9.826161217103143,27.0863205924761,276.8986598806049,41.35773407629672,77.54952743746979,10.902910748847134,7.416554038705519
1141,2013.1236170164275,5.127045101919083,19.908456005323774,11.56459879575424,25.906770576605453,297.65309486019277,37.02080055653057,71.3298049682805,6.870521709644238,8.702144048080978
614,2012.787882059587,8.948384164435934,13.238796854571252,16.151701599579937,30.199271229427353,282.24131133220607,37.204483269893146,71.30486903110024,7.608134148662931,8.811950276206407
1035,2013.050086823352,6.257569386446933,5.992655023588851,11.421228257363108,29.266529480713864,288.6087315386248,36.8607089418342,71.09881149641382,9.781892406141278,9.01875675419437
584,2012.9104578911815,6.186943154217735,21.547164293538856,9.131074433803878,27.881998049370686,283.8873396612187,37.13780128190019,71.07192337100702,3.3176282052896204,9.194084335161323
825,2012.8791029710437,11.099964028165587,17.548038339242247,11.73850800608893,30.33706888341159,281.71249859971016,37.53045297187497,71.27904311787022,2.5792756630064053,8.54218486897867
1221,2012.8434111158886,11.583847709897837,19.80378163670668,8.866869248813043,29.753836860948162,281.55934044285124,37.071104230719904,70.49006060777901,7.854240164776361,10.52051413228979
1063,2012.4811007741316,8.782599300658305,9.288380921039352,8.543077959724455,26.876114167924005,288.4595494514497,39.2164515436244,76.84069786664344,9.15342996601943,8.14426664808297
558,2013.0262720825417,1.3454440016349796,22.914302843362574,10.160482449448917,27.516746641656045,283.1412109558425,43.82608080727481,82.48136890863627,9.195325946242287,8.297680983179339
1224,2012.9386992963186,1.2873328957886048,21.007149235457888,9.356894397542403,31.531883868735786,295.0342278771219,41.71271088542211,83.56606020943813,11.620918303634609,8.607677199895816
649,2012.9354361710584,12.040481417749172,17.154150441130117,10.933830088646324,27.366926587111465,277.77339270227475,37.04568297983186,71.12419472208197,4.004756644856116,9.08514443453451
1662,2013.040164305782,3.219022815459491,19.85826406402591,6.9359638875128535,27.978336914864904,299.5318754949295,37.09083898633964,69.77859991043643,11.481499982570076,9.4973827428828
548,2013.0440863389306,10.87713825436101,19.02620339418785,11.299938756963655,32.2263180148466,279.3240569233113,36.929503282188875,71.05070627268535,5.028274784453984,8.504587120390308
1003,2011.867703611489,3.3802104174775858,24.154187534281093,12.815752827223298,29.817584018064313,291.72774519459233,42.83386768514447,77.60165965594199,10.675900208859742,7.055844109627499
582,2012.3631725186551,6.185476177300988,15.352747433911405,9.481421881301008,29.401734510056126,282.67235227137286,40.09153236800458,77.36527757865963,7.793133843156299,7.440920984975561
1422,2012.8347114091926,6.681479365302857,12.938124985503388,6.507216905404211,30.93670138784328,278.92388682287987,38.2980690315676,70.27926366982975,9.769428648262215,9.209956801778882
737,2012.9870152193635,3.9982777380638708,18.11902517563513,11.564290938560816,31.05465539483373,288.81693997046835,37.65353348385525,71.55138330076507,9.047137521508201,8.252787246247362
1737,2013.0197626751,8.212637150200868,20.40187220696394,10.763240795133024,27.445628614646534,274.6678106849966,37.30118580924234,71.21955737310492,6.30536697376913,8.47219087217469
1184,2013.2385072255297,9.030807357933817,15.500275442977879,11.09116335582968,30.010879719911074,284.783951586537,37.107126720359716,71.21024689716339,5.093578150695685,8.849717445369649
503,2013.105451415344,8.191505719230802,17.511336148884173,9.774818874597727,29.079345334133585,296.4682936960312,41.06759453250587,77.94306326754251,8.232851906472474,7.787769890264647
